"cin","cout","title","deweyClass","itemtype"
"2006-02-23 10:41:00","2006-01-14 11:48:00","Sams teach yourself Perl in 24 hours","005.133","acbk"
"2006-02-24 16:25:00","2006-01-14 11:48:00","Sams teach yourself Perl in 24 hours","005.133","acbk"
"2006-02-27 15:24:00","2006-02-02 15:02:00","Sams teach yourself Perl in 24 hours","005.133","acbk"
"2006-03-02 19:33:00","2006-01-18 19:02:00","Advanced Perl programming","005.133","acbk"
"2006-03-07 13:04:00","2006-01-31 14:46:00","Programming the Perl DBI","005.74","acbk"
"2006-03-09 18:32:00","2006-02-01 17:02:00","Sams teach yourself Perl in 21 days","005.133","acbk"
"2006-03-10 11:00:00","2006-02-15 18:16:00","Games diversions and Perl culture best of the Perl journal","005.133","acbk"
"2006-03-11 11:12:00","2006-01-07 10:10:00","Learning Perl objects references and modules","005.133","acbk"
"2006-03-16 16:25:00","2006-01-28 13:48:00","Sams teach yourself Perl in 24 hours","005.133","acbk"
"2006-03-23 12:25:00","2006-03-17 11:43:00","Programming the Perl DBI","005.74","acbk"
"2006-03-23 13:23:00","2006-02-02 15:02:00","Sams teach yourself Perl in 24 hours","005.133","acbk"
"2006-03-25 11:51:00","2006-03-11 10:43:00","Advanced Perl programming","005.133","acbk"
"2006-03-30 18:01:00","2006-03-20 18:40:00","Learning Perl Tk","005.133","acbk"
"2006-04-03 18:57:00","2006-02-25 11:30:00","Sams teach yourself Perl in 21 days","005.133","acbk"
"2006-04-07 11:47:00","2006-04-02 14:23:00","Learning Perl objects references and modules","005.133","acbk"
"2006-04-08 15:55:00","2006-02-07 14:19:00","CGI programming 101 programming Perl for the World Wide Web","005.2762","acbk"
"2006-04-13 15:00:00","2006-04-03 16:19:00","Advanced Perl programming","005.133","acbk"
"2006-04-21 13:13:00","2006-04-02 14:23:00","Learning Perl objects references and modules","005.133","acbk"
"2006-04-21 15:12:00","2006-03-15 19:09:00","CGI programming 101 programming Perl for the World Wide Web","005.2762","acbk"
"2006-04-24 15:11:00","2006-03-15 19:09:00","CGI programming 101 programming Perl for the World Wide Web","005.2762","acbk"
"2006-04-29 10:44:00","2006-03-11 12:57:00","Sams teach yourself Perl in 21 days","005.133","acbk"
"2006-04-30 15:01:00","2006-02-25 11:30:00","Sams teach yourself Perl in 21 days","005.133","acbk"
"2006-05-02 18:06:00","2006-03-04 17:44:00","Learn Perl in a weekend","005.133","acbk"
"2006-05-03 19:44:00","2006-05-01 19:54:00","Sams teach yourself Perl in 21 days","005.133","acbk"
"2006-05-09 18:20:00","2006-04-09 17:30:00","Learn Perl in a weekend","005.133","acbk"
"2006-05-23 10:08:00","2006-03-30 12:30:00","Sams teach yourself Perl in 21 days","005.133","acbk"
"2006-05-23 11:35:00","2006-04-03 18:08:00","Sams teach yourself Perl in 24 hours","005.133","acbk"
"2006-05-23 13:18:00","2006-04-03 18:08:00","Sams teach yourself Perl in 24 hours","005.133","acbk"
"2006-05-24 13:29:00","2006-04-03 18:08:00","Sams teach yourself Perl in 24 hours","005.133","acbk"
"2006-06-01 19:41:00","2006-05-07 17:34:00","Learning Perl objects references and modules","005.133","acbk"
"2006-06-03 15:57:00","2006-05-07 17:34:00","Embedding Perl in HTML with Mason","005.133","acbk"
"2006-06-08 16:35:00","2006-04-15 17:08:00","Sams teach yourself Perl in 21 days","005.133","acbk"
"2006-06-10 17:22:00","2006-05-14 16:39:00","Sams teach yourself Perl in 24 hours","005.133","acbk"
"2006-06-13 16:18:00","2006-05-07 17:34:00","Learning Perl objects references and modules","005.133","acbk"
"2006-06-14 10:11:00","2006-05-03 13:46:00","Games diversions and Perl culture best of the Perl journal","005.133","acbk"
"2006-06-15 13:23:00","2006-05-03 13:46:00","Games diversions and Perl culture best of the Perl journal","005.133","acbk"
"2006-06-15 19:43:00","2006-05-11 11:08:00","CGI programming 101 programming Perl for the World Wide Web","005.2762","acbk"
"2006-06-16 13:35:00","2006-05-30 15:13:00","Advanced Perl programming","005.133","acbk"
"2006-06-16 19:59:00","2006-05-07 17:34:00","Embedding Perl in HTML with Mason","005.133","acbk"
"2006-06-17 12:02:00","2006-04-22 13:44:00","Sams teach yourself Perl in 24 hours","005.133","acbk"
"2006-06-18 16:54:00","2006-05-07 17:34:00","Embedding Perl in HTML with Mason","005.133","acbk"
"2006-06-19 18:12:00","2006-06-01 19:05:00","Advanced Perl programming","005.133","acbk"
"2006-06-19 20:06:00","2006-06-09 13:11:00","Advanced Perl programming","005.133","acbk"
"2006-06-20 17:20:00","2006-04-22 13:44:00","Sams teach yourself Perl in 24 hours","005.133","acbk"
"2006-06-20 17:26:00","2006-06-09 13:11:00","Advanced Perl programming","005.133","acbk"
"2006-06-22 11:18:00","2006-06-05 19:06:00","Advanced Perl programming","005.133","acbk"
"2006-06-22 14:05:00","2006-06-17 16:37:00","Mastering Perl Tk","005.133","acbk"
"2006-06-22 19:24:00","2006-05-04 17:50:00","Writing Apache modules with Perl and C","005.71376","acbk"
"2006-06-23 15:29:00","2006-04-25 18:04:00","Learning Perl objects references and modules","005.133","acbk"
"2006-06-24 13:17:00","2006-05-20 17:07:00","Learn Perl in a weekend","005.133","acbk"
"2006-06-24 14:33:00","2006-05-20 17:07:00","Learning Perl Tk","005.133","acbk"
"2006-07-03 13:06:00","2006-03-29 19:18:00","Mastering Perl Tk","005.133","acbk"
"2006-07-07 16:01:00","2006-06-23 13:38:00","Sams teach yourself Perl in 21 days","005.133","acbk"
"2006-07-10 18:48:00","2006-06-19 17:38:00","Learning Perl objects references and modules","005.133","acbk"
"2006-07-15 15:41:00","2006-04-15 17:08:00","Sams teach yourself Perl in 21 days","005.133","acbk"
"2006-07-17 16:02:00","2006-04-22 13:44:00","Sams teach yourself Perl in 24 hours","005.133","acbk"
"2006-07-17 17:32:00","2006-06-19 16:41:00","Embedding Perl in HTML with Mason","005.133","acbk"
"2006-07-17 19:37:00","2006-06-26 19:20:00","Advanced Perl programming","005.133","acbk"
"2006-07-19 17:08:00","2006-05-26 17:50:00","Computer science and Perl programming best of the Perl Journal","005.133","acbk"
"2006-07-19 18:27:00","2006-07-19 11:37:00","Advanced Perl programming","005.133","acbk"
"2006-07-20 11:06:00","2006-07-19 12:42:00","Wicked cool Perl scripts useful Perl scripts that solve difficult problems","005.133","acbk"
"2006-07-20 17:46:00","2006-06-05 19:06:00","Advanced Perl programming","005.133","acbk"
"2006-07-21 10:40:00","2006-06-05 19:06:00","Advanced Perl programming","005.133","acbk"
"2006-07-21 13:28:00","2006-06-30 11:04:00","Learning Perl Tk","005.133","acbk"
"2006-07-21 13:30:00","2006-07-05 15:46:00","Mastering Perl Tk","005.133","acbk"
"2006-07-21 15:12:00","2006-07-03 13:05:00","Sams teach yourself Perl in 21 days","005.133","acbk"
"2006-07-24 14:08:00","2006-06-17 16:37:00","Mastering Perl Tk","005.133","acbk"
"2006-07-24 15:25:00","2006-03-04 15:24:00","Sams teach yourself Perl in 21 days","005.133","acbk"
"2006-07-26 16:14:00","2006-07-17 15:01:00","Wicked cool Perl scripts useful Perl scripts that solve difficult problems","005.133","acbk"
"2006-07-27 10:56:00","2006-07-17 15:01:00","Wicked cool Perl scripts useful Perl scripts that solve difficult problems","005.133","acbk"
"2006-07-27 11:00:00","2006-05-26 17:50:00","Computer science and Perl programming best of the Perl Journal","005.133","acbk"
"2006-07-31 15:57:00","2006-07-03 13:05:00","Sams teach yourself Perl in 21 days","005.133","acbk"
"2006-08-01 11:06:00","2006-06-23 13:38:00","Sams teach yourself Perl in 21 days","005.133","acbk"
"2006-08-01 18:28:00","2006-07-18 18:26:00","Wicked cool Perl scripts useful Perl scripts that solve difficult problems","005.133","acbk"
"2006-08-02 10:40:00","2006-07-18 18:26:00","Wicked cool Perl scripts useful Perl scripts that solve difficult problems","005.133","acbk"
"2006-08-02 17:16:00","2006-07-31 11:36:00","CGI programming 101 programming Perl for the World Wide Web","005.2762","acbk"
"2006-08-02 18:24:00","2006-07-17 18:23:00","Learning Perl objects references and modules","005.133","acbk"
"2006-08-07 12:58:00","2006-03-17 11:43:00","Programming the Perl DBI","005.74","acbk"
"2006-08-07 18:30:00","2006-07-19 18:22:00","Advanced Perl programming","005.133","acbk"
"2006-08-08 16:40:00","2006-07-28 17:59:00","Learn Perl in a weekend","005.133","acbk"
"2006-08-12 13:55:00","2006-07-16 16:37:00","Effective Perl programming writing better programs with Perl","005.133","acbk"
"2006-08-14 10:04:00","2006-07-16 16:37:00","Effective Perl programming writing better programs with Perl","005.133","acbk"
"2006-08-14 19:47:00","2006-07-26 15:01:00","Advanced Perl programming","005.133","acbk"
"2006-08-15 12:06:00","2006-07-20 12:30:00","Sams teach yourself Perl in 24 hours","005.133","acbk"
"2006-08-15 12:07:00","2006-07-25 12:07:00","Wicked cool Perl scripts useful Perl scripts that solve difficult problems","005.133","acbk"
"2006-08-16 13:57:00","2006-07-31 19:41:00","Sams teach yourself Perl in 21 days","005.133","acbk"
"2006-08-17 15:11:00","2006-07-05 15:46:00","Mastering Perl Tk","005.133","acbk"
"2006-08-18 10:29:00","2006-07-05 15:46:00","Mastering Perl Tk","005.133","acbk"
"2006-08-21 19:24:00","2006-07-20 12:30:00","Sams teach yourself Perl in 21 days","005.133","acbk"
"2006-08-21 19:24:00","2006-07-25 12:07:00","Mastering Perl Tk","005.133","acbk"
"2006-08-21 19:24:00","2006-07-20 12:30:00","Learning Perl objects references and modules","005.133","acbk"
"2006-08-21 19:25:00","2006-07-31 17:31:00","Learning Perl Tk","005.133","acbk"
"2006-08-22 14:33:00","2006-08-01 16:14:00","Advanced Perl programming","005.133","acbk"
"2006-08-22 14:34:00","2006-08-01 16:29:00","Sams teach yourself Perl in 24 hours","005.133","acbk"
"2006-08-23 12:32:00","2006-07-21 17:38:00","Embedding Perl in HTML with Mason","005.133","acbk"
"2006-08-23 13:43:00","2006-07-31 17:31:00","Learning Perl Tk","005.133","acbk"
"2006-08-24 10:34:00","2006-07-31 17:31:00","Learning Perl Tk","005.133","acbk"
"2006-08-24 10:59:00","2006-07-25 12:07:00","Wicked cool Perl scripts useful Perl scripts that solve difficult problems","005.133","acbk"
"2006-08-25 14:20:00","2006-08-04 14:01:00","Sams teach yourself Perl in 21 days","005.133","acbk"
"2006-08-25 14:21:00","2006-08-04 14:01:00","Wicked cool Perl scripts useful Perl scripts that solve difficult problems","005.133","acbk"
"2006-08-25 16:41:00","2006-08-21 17:27:00","Learning Perl objects references and modules","005.133","acbk"
"2006-08-28 14:23:00","2006-08-04 14:01:00","Wicked cool Perl scripts useful Perl scripts that solve difficult problems","005.133","acbk"
"2006-08-28 15:05:00","2006-08-01 13:53:00","Learn Perl in a weekend","005.133","acbk"
"2006-08-30 15:24:00","2006-08-24 15:15:00","Wicked cool Perl scripts useful Perl scripts that solve difficult problems","005.133","acbk"
"2006-08-31 16:16:00","2006-03-22 15:37:00","Writing Apache modules with Perl and C","005.71376","acbk"
"2006-08-31 17:38:00","2006-08-24 15:15:00","Wicked cool Perl scripts useful Perl scripts that solve difficult problems","005.133","acbk"
"2006-09-01 10:48:00","2006-08-24 15:15:00","Wicked cool Perl scripts useful Perl scripts that solve difficult problems","005.133","acbk"
"2006-09-01 12:08:00","2006-07-22 15:00:00","Writing Apache modules with Perl and C","005.71376","acbk"
"2006-09-05 13:47:00","2006-07-22 15:00:00","Writing Apache modules with Perl and C","005.71376","acbk"
"2006-09-06 22:47:00","2006-07-19 18:22:00","Advanced Perl programming","005.133","acbk"
"2006-09-12 19:21:00","2006-08-18 13:41:00","Effective Perl programming writing better programs with Perl","005.133","acbk"
"2006-09-14 12:16:00","2006-08-24 19:43:00","Embedding Perl in HTML with Mason","005.133","acbk"
"2006-09-14 14:07:00","2006-08-18 13:41:00","Effective Perl programming writing better programs with Perl","005.133","acbk"
"2006-09-14 19:49:00","2006-08-01 19:52:00","Computer science and Perl programming best of the Perl Journal","005.133","acbk"
"2006-09-15 11:46:00","2006-08-01 19:52:00","Computer science and Perl programming best of the Perl Journal","005.133","acbk"
"2006-09-19 13:30:00","2006-06-19 18:15:00","Games diversions and Perl culture best of the Perl journal","005.133","acbk"
"2006-09-19 18:07:00","2006-08-29 13:45:00","Sams teach yourself Perl in 21 days","005.133","acbk"
"2006-09-26 11:44:00","2006-09-01 14:22:00","Wicked cool Perl scripts useful Perl scripts that solve difficult problems","005.133","acbk"
"2006-09-26 16:23:00","2006-09-17 13:45:00","Sams teach yourself Perl in 21 days","005.133","acbk"
"2006-09-26 19:26:00","2006-09-17 16:41:00","Wicked cool Perl scripts useful Perl scripts that solve difficult problems","005.133","acbk"
"2006-09-27 20:09:00","2006-08-24 19:43:00","Embedding Perl in HTML with Mason","005.133","acbk"
"2006-09-28 12:25:00","2006-08-24 19:43:00","Embedding Perl in HTML with Mason","005.133","acbk"
"2006-09-29 10:22:00","2006-07-31 11:36:00","CGI programming 101 programming Perl for the World Wide Web","005.2762","acbk"
"2006-09-29 15:24:00","2006-09-15 13:07:00","Effective Perl programming writing better programs with Perl","005.133","acbk"
"2006-09-29 16:24:00","2006-09-11 16:26:00","Advanced Perl programming","005.133","acbk"
"2006-10-05 11:44:00","2006-08-07 15:06:00","Programming the Perl DBI","005.74","acbk"
"2006-10-05 16:46:00","2006-09-16 14:07:00","Sams teach yourself Perl in 21 days","005.133","acbk"
"2006-10-17 10:10:00","2006-09-07 13:44:00","Writing Apache modules with Perl and C","005.71376","acbk"
"2006-10-18 20:21:00","2006-08-01 16:29:00","Sams teach yourself Perl in 24 hours","005.133","acbk"
"2006-10-18 22:21:00","2006-09-18 16:20:00","Computer science and Perl programming best of the Perl Journal","005.133","acbk"
"2006-10-19 10:22:00","2006-10-18 16:19:00","Writing Apache modules with Perl and C","005.71376","acbk"
"2006-10-19 10:41:00","2006-08-01 16:29:00","Sams teach yourself Perl in 24 hours","005.133","acbk"
"2006-10-19 12:25:00","2006-09-18 16:20:00","Computer science and Perl programming best of the Perl Journal","005.133","acbk"
"2006-10-20 13:28:00","2006-08-29 13:45:00","Sams teach yourself Perl in 21 days","005.133","acbk"
"2006-10-22 16:07:00","2006-10-16 15:56:00","Effective Perl programming writing better programs with Perl","005.133","acbk"
"2006-10-22 16:07:00","2006-10-16 15:56:00","Learning Perl objects references and modules","005.133","acbk"
"2006-10-22 16:09:00","2006-10-18 16:19:00","Advanced Perl programming","005.133","acbk"
"2006-10-24 16:13:00","2006-06-01 18:43:00","Sams teach yourself Perl in 24 hours","005.133","acbk"
"2006-10-25 13:40:00","2006-10-04 14:37:00","Wicked cool Perl scripts useful Perl scripts that solve difficult problems","005.133","acbk"
"2006-10-26 13:15:00","2006-09-20 19:45:00","Learning Perl Tk","005.133","acbk"
"2006-10-27 14:17:00","2006-10-04 14:37:00","Wicked cool Perl scripts useful Perl scripts that solve difficult problems","005.133","acbk"
"2006-10-28 12:47:00","2006-07-25 12:07:00","Mastering Perl Tk","005.133","acbk"
"2006-10-30 15:53:00","2006-10-28 17:09:00","Advanced Perl programming","005.133","acbk"
"2006-10-31 13:38:00","2006-10-16 15:56:00","Learning Perl objects references and modules","005.133","acbk"
"2006-11-06 18:24:00","2006-09-12 18:17:00","Learn Perl in a weekend","005.133","acbk"
"2006-11-06 18:56:00","2006-07-20 12:30:00","Sams teach yourself Perl in 24 hours","005.133","acbk"
"2006-11-06 22:13:00","2006-10-14 10:58:00","Wicked cool Perl scripts useful Perl scripts that solve difficult problems","005.133","acbk"
"2006-11-07 14:10:00","2006-10-14 10:58:00","Wicked cool Perl scripts useful Perl scripts that solve difficult problems","005.133","acbk"
"2006-11-09 10:31:00","2006-10-02 17:41:00","Embedding Perl in HTML with Mason","005.133","acbk"
"2006-11-10 16:02:00","2006-10-20 16:55:00","Sams teach yourself Perl in 24 hours","005.133","acbk"
"2006-11-13 14:44:00","2006-10-27 12:49:00","Learning Perl Tk","005.133","acbk"
"2006-11-13 14:44:00","2006-10-31 10:23:00","Mastering Perl Tk","005.133","acbk"
"2006-11-13 16:11:00","2006-10-02 17:41:00","Embedding Perl in HTML with Mason","005.133","acbk"
"2006-11-14 13:19:00","2006-10-31 10:23:00","Mastering Perl Tk","005.133","acbk"
"2006-11-15 11:44:00","2006-10-20 16:55:00","Sams teach yourself Perl in 24 hours","005.133","acbk"
"2006-11-15 18:03:00","2006-09-19 16:35:00","Games diversions and Perl culture best of the Perl journal","005.133","acbk"
"2006-11-16 12:46:00","2006-11-07 13:24:00","Wicked cool Perl scripts useful Perl scripts that solve difficult problems","005.133","acbk"
"2006-11-22 15:19:00","2006-11-16 19:57:00","Advanced Perl programming","005.133","acbk"
"2006-11-25 12:17:00","2006-11-18 10:58:00","Advanced Perl programming","005.133","acbk"
"2006-11-27 13:49:00","2006-07-20 12:30:00","Sams teach yourself Perl in 24 hours","005.133","acbk"
"2006-12-01 16:48:00","2006-10-01 15:16:00","Advanced Perl programming","005.133","acbk"
"2006-12-02 14:02:00","2006-10-24 13:06:00","Computer science and Perl programming best of the Perl Journal","005.133","acbk"
"2006-12-04 14:41:00","2006-10-24 13:06:00","Computer science and Perl programming best of the Perl Journal","005.133","acbk"
"2006-12-06 18:58:00","2006-11-05 14:26:00","CGI programming 101 programming Perl for the World Wide Web","005.2762","acbk"
"2006-12-07 15:40:00","2006-12-05 15:17:00","Advanced Perl programming","005.133","acbk"
"2006-12-07 15:49:00","2006-10-28 16:08:00","Sams teach yourself Perl in 24 hours","005.133","acbk"
"2006-12-11 15:29:00","2006-11-18 10:58:00","Advanced Perl programming","005.133","acbk"
"2006-12-12 11:36:00","2006-11-18 10:58:00","Advanced Perl programming","005.133","acbk"
"2006-12-12 17:17:00","2006-10-28 16:08:00","Sams teach yourself Perl in 24 hours","005.133","acbk"
"2006-12-13 11:14:00","2006-10-28 16:08:00","Sams teach yourself Perl in 24 hours","005.133","acbk"
"2006-12-18 13:23:00","2006-11-13 12:46:00","Advanced Perl programming","005.133","acbk"
"2006-12-19 17:56:00","2006-12-15 13:19:00","Wicked cool Perl scripts useful Perl scripts that solve difficult problems","005.133","acbk"
"2006-12-19 18:44:00","2006-12-03 14:56:00","Learn Perl in a weekend","005.133","acbk"
"2006-12-21 11:19:00","2006-08-07 15:06:00","Programming the Perl DBI","005.74","acbk"
"2006-12-21 11:21:00","2006-12-13 10:52:00","Learning Perl Tk","005.133","acbk"
"2006-12-26 16:52:00","2006-12-04 16:45:00","Computer science and Perl programming best of the Perl Journal","005.133","acbk"
"2006-12-27 10:21:00","2006-12-04 16:45:00","Computer science and Perl programming best of the Perl Journal","005.133","acbk"
"2006-12-29 17:19:00","2006-12-02 16:26:00","Mastering Perl Tk","005.133","acbk"
"2006-12-30 15:00:00","2006-12-16 12:29:00","Advanced Perl programming","005.133","acbk"
"2006-12-30 15:01:00","2006-12-16 12:29:00","Sams teach yourself Perl in 24 hours","005.133","acbk"
"2007-01-02 19:16:00","2006-10-31 19:47:00","Learning Perl objects references and modules","005.133","acbk"
"2007-01-03 10:52:00","2006-11-18 14:40:00","Embedding Perl in HTML with Mason","005.133","acbk"
"2007-02-16 13:46:00","2007-02-07 19:08:00","Learning Perl Tk","005.133","acbk"
"2007-02-16 16:35:00","2007-01-25 18:50:00","Effective Perl programming writing better programs with Perl","005.133","acbk"
"2007-02-16 17:50:00","2007-01-27 11:01:00","Embedding Perl in HTML with Mason","005.133","acbk"
"2007-02-21 11:47:00","2007-02-17 11:25:00","Advanced Perl programming","005.133","acbk"
"2007-02-23 12:03:00","2007-01-07 15:48:00","Wicked cool Perl scripts useful Perl scripts that solve difficult problems","005.133","acbk"
"2007-03-02 16:39:00","2007-02-01 17:23:00","Sams teach yourself Perl in 24 hours","005.133","acbk"
"2007-03-05 16:07:00","2007-02-05 15:33:00","Learning Perl objects references and modules","005.133","acbk"
"2007-03-07 13:02:00","2007-02-15 12:32:00","Wicked cool Perl scripts useful Perl scripts that solve difficult problems","005.133","acbk"
"2007-03-07 17:14:00","2007-01-27 14:55:00","Sams teach yourself Perl in 21 days","005.133","acbk"
"2007-03-10 11:54:00","2007-02-15 12:32:00","Wicked cool Perl scripts useful Perl scripts that solve difficult problems","005.133","acbk"
"2007-03-12 10:51:00","2007-02-28 17:03:00","Embedding Perl in HTML with Mason","005.133","acbk"
"2007-03-12 17:17:00","2007-02-02 17:44:00","Advanced Perl programming","005.133","acbk"
"2007-03-13 12:55:00","2007-02-15 12:32:00","Wicked cool Perl scripts useful Perl scripts that solve difficult problems","005.133","acbk"
"2007-03-14 14:16:00","2007-02-02 13:49:00","CGI programming 101 programming Perl for the World Wide Web","005.2762","acbk"
"2007-03-28 10:52:00","2007-02-15 12:32:00","Wicked cool Perl scripts useful Perl scripts that solve difficult problems","005.133","acbk"
"2007-04-04 19:23:00","2007-02-01 17:23:00","Sams teach yourself Perl in 24 hours","005.133","acbk"
"2007-04-05 11:05:00","2007-02-24 13:25:00","Wicked cool Perl scripts useful Perl scripts that solve difficult problems","005.133","acbk"
"2007-04-05 11:39:00","2007-02-01 17:23:00","Sams teach yourself Perl in 24 hours","005.133","acbk"
"2007-04-06 10:02:00","2006-04-19 10:32:00","Learn Perl in a weekend","005.133","acbk"
"2007-04-07 12:22:00","2007-03-29 11:21:00","Wicked cool Perl scripts useful Perl scripts that solve difficult problems","005.133","acbk"
"2007-04-09 19:17:00","2006-04-19 10:32:00","Learn Perl in a weekend","005.133","acbk"
"2007-04-16 19:35:00","2007-03-26 13:08:00","CGI programming 101 programming Perl for the World Wide Web","005.2762","acbk"
"2007-04-26 00:00:00","2007-02-12 19:22:00","Games diversions and Perl culture best of the Perl journal","005.133","acbk"
"2007-05-02 13:18:00","2007-03-13 18:07:00","Sams teach yourself Perl in 21 days","005.133","acbk"
"2007-05-02 13:41:00","2007-04-11 15:14:00","Advanced Perl programming","005.133","acbk"
"2007-05-03 13:34:00","2007-04-16 18:45:00","Minimal Perl for UNIX and Linux people","005.71262","acbk"
"2007-05-03 16:18:00","2007-03-24 15:01:00","Embedding Perl in HTML with Mason","005.133","acbk"
"2007-05-04 15:15:00","2007-04-16 15:26:00","Minimal Perl for UNIX and Linux people","005.71262","acbk"
"2007-05-08 10:46:00","2006-10-18 16:19:00","Writing Apache modules with Perl and C","005.71376","acbk"
"2007-05-12 17:25:00","2007-04-21 17:13:00","Effective Perl programming writing better programs with Perl","005.133","acbk"
"2007-05-14 15:17:00","2007-03-28 18:32:00","Computer science and Perl programming best of the Perl Journal","005.133","acbk"
"2007-05-21 14:19:00","2007-04-16 18:45:00","Minimal Perl for UNIX and Linux people","005.71262","acbk"
"2007-05-22 12:38:00","2007-04-16 12:58:00","Learning Perl Tk","005.133","acbk"
"2007-05-22 12:38:00","2007-04-16 12:59:00","Programming the Perl DBI","005.74","acbk"
"2007-05-23 14:13:00","2007-05-02 13:43:00","Advanced Perl programming","005.133","acbk"
"2007-05-25 10:58:00","2006-12-02 10:31:00","Sams teach yourself Perl in 24 hours","005.133","acbk"
"2007-05-26 13:47:00","2007-05-11 16:17:00","Learn Perl in a weekend","005.133","acbk"
"2007-06-10 18:53:00","2007-04-10 15:56:00","Wicked cool Perl scripts useful Perl scripts that solve difficult problems","005.133","acbk"
"2007-06-11 14:49:00","2007-04-10 15:56:00","Wicked cool Perl scripts useful Perl scripts that solve difficult problems","005.133","acbk"
"2007-06-16 11:51:00","2007-05-08 14:24:00","Writing Apache modules with Perl and C","005.71376","acbk"
"2007-06-16 17:42:00","2007-04-14 13:07:00","Learn Perl in a weekend","005.133","acbk"
"2007-06-22 16:28:00","2007-05-10 10:15:00","Minimal Perl for UNIX and Linux people","005.71262","acbk"
"2007-06-25 12:58:00","2007-05-10 10:15:00","Minimal Perl for UNIX and Linux people","005.71262","acbk"
"2007-06-27 12:59:00","2007-06-09 10:18:00","Minimal Perl for UNIX and Linux people","005.71262","acbk"
"2007-06-29 17:48:00","2007-06-07 17:43:00","Sams teach yourself Perl in 24 hours","005.133","acbk"
"2007-06-29 17:48:00","2007-06-13 17:53:00","Wicked cool Perl scripts useful Perl scripts that solve difficult problems","005.133","acbk"
"2007-07-02 16:28:00","2007-06-18 13:49:00","Sams teach yourself Perl in 24 hours","005.133","acbk"
"2007-07-02 17:00:00","2007-06-26 18:57:00","Minimal Perl for UNIX and Linux people","005.71262","acbk"
"2007-07-05 15:42:00","2007-05-04 17:11:00","Sams teach yourself Perl in 21 days","005.133","acbk"
"2007-07-19 16:02:00","2007-07-01 12:51:00","Advanced Perl programming","005.133","acbk"
"2007-07-23 15:49:00","2007-05-27 13:00:00","Sams teach yourself Perl in 21 days","005.133","acbk"
"2007-07-24 16:29:00","2007-06-12 19:47:00","Advanced Perl programming","005.133","acbk"
"2007-07-25 14:26:00","2007-06-18 13:49:00","Sams teach yourself Perl in 24 hours","005.133","acbk"
"2007-07-27 12:17:00","2007-06-26 18:57:00","Minimal Perl for UNIX and Linux people","005.71262","acbk"
"2007-07-28 11:51:00","2006-09-07 13:44:00","Writing Apache modules with Perl and C","005.71376","acbk"
"2007-07-30 14:07:00","2006-09-07 13:44:00","Writing Apache modules with Perl and C","005.71376","acbk"
"2007-07-31 15:02:00","2007-06-07 17:43:00","Sams teach yourself Perl in 24 hours","005.133","acbk"
"2007-08-01 15:32:00","2007-07-26 16:18:00","Sams teach yourself Perl in 24 hours","005.133","acbk"
"2007-08-01 15:32:00","2007-07-26 16:18:00","Wicked cool Perl scripts useful Perl scripts that solve difficult problems","005.133","acbk"
"2007-08-03 15:08:00","2007-06-07 17:43:00","Sams teach yourself Perl in 24 hours","005.133","acbk"
"2007-08-03 15:23:00","2007-05-21 19:56:00","Computer science and Perl programming best of the Perl Journal","005.133","acbk"
"2007-08-04 13:54:00","2007-07-26 14:39:00","Programming the Perl DBI","005.74","acbk"
"2007-08-06 10:11:00","2007-07-23 10:51:00","Minimal Perl for UNIX and Linux people","005.71262","acbk"
"2007-08-06 11:46:00","2007-04-14 13:07:00","Learn Perl in a weekend","005.133","acbk"
"2007-08-08 12:11:00","2007-06-07 17:43:00","Sams teach yourself Perl in 24 hours","005.133","acbk"
"2007-08-08 14:58:00","2007-07-26 16:18:00","Sams teach yourself Perl in 24 hours","005.133","acbk"
"2007-08-10 12:02:00","2007-07-26 16:18:00","Sams teach yourself Perl in 24 hours","005.133","acbk"
"2007-08-14 10:16:00","2007-07-26 16:18:00","Wicked cool Perl scripts useful Perl scripts that solve difficult problems","005.133","acbk"
"2007-08-15 12:46:00","2007-07-26 16:18:00","Wicked cool Perl scripts useful Perl scripts that solve difficult problems","005.133","acbk"
"2007-08-23 14:00:00","2007-08-01 18:04:00","Minimal Perl for UNIX and Linux people","005.71262","acbk"
"2007-08-31 15:00:00","2007-08-10 16:21:00","Sams teach yourself Perl in 24 hours","005.133","acbk"
"2007-09-03 00:00:00","2007-06-04 12:25:00","Effective Perl programming writing better programs with Perl","005.133","acbk"
"2007-09-04 19:09:00","2007-07-31 16:32:00","Writing Apache modules with Perl and C","005.71376","acbk"
"2007-09-11 19:50:00","2007-08-13 15:30:00","Advanced Perl programming","005.133","acbk"
"2007-09-20 11:58:00","2007-08-10 16:21:00","Sams teach yourself Perl in 24 hours","005.133","acbk"
"2007-09-20 15:24:00","2007-08-31 11:47:00","Sams teach yourself Perl in 24 hours","005.133","acbk"
"2007-09-22 17:07:00","2007-08-19 17:39:00","Writing Apache modules with Perl and C","005.71376","acbk"
"2007-09-22 17:07:00","2007-08-19 17:39:00","Learning Perl objects references and modules","005.133","acbk"
"2007-09-22 17:07:00","2007-08-16 18:35:00","Wicked cool Perl scripts useful Perl scripts that solve difficult problems","005.133","acbk"
"2007-09-26 11:56:00","2007-08-13 10:59:00","Learning Perl Tk","005.133","acbk"
"2007-09-26 22:34:00","2007-08-16 18:35:00","Wicked cool Perl scripts useful Perl scripts that solve difficult problems","005.133","acbk"
"2007-09-27 13:24:00","2007-08-16 18:35:00","Wicked cool Perl scripts useful Perl scripts that solve difficult problems","005.133","acbk"
"2007-09-28 13:06:00","2007-09-20 14:09:00","Sams teach yourself Perl in 24 hours","005.133","acbk"
"2007-09-28 13:51:00","2006-12-16 12:29:00","Sams teach yourself Perl in 24 hours","005.133","acbk"
"2007-10-06 15:41:00","2007-09-22 17:51:00","Advanced Perl programming","005.133","acbk"
"2007-10-10 15:21:00","2007-10-02 19:44:00","Wicked cool Perl scripts useful Perl scripts that solve difficult problems","005.133","acbk"
"2007-10-13 15:07:00","2007-09-22 13:58:00","Minimal Perl for UNIX and Linux people","005.71262","acbk"
"2007-10-15 18:12:00","2007-09-22 13:58:00","Minimal Perl for UNIX and Linux people","005.71262","acbk"
"2007-11-01 11:49:00","2007-04-14 13:07:00","Learn Perl in a weekend","005.133","acbk"
"2007-11-02 10:16:00","2007-09-20 14:09:00","Sams teach yourself Perl in 24 hours","005.133","acbk"
"2007-11-04 15:36:00","2007-10-14 13:14:00","Wicked cool Perl scripts useful Perl scripts that solve difficult problems","005.133","acbk"
"2007-11-05 16:13:00","2007-10-16 15:54:00","Minimal Perl for UNIX and Linux people","005.71262","acbk"
"2007-11-06 22:20:00","2007-10-14 13:14:00","Wicked cool Perl scripts useful Perl scripts that solve difficult problems","005.133","acbk"
"2007-11-07 11:24:00","2007-10-14 13:14:00","Wicked cool Perl scripts useful Perl scripts that solve difficult problems","005.133","acbk"
"2007-11-08 11:34:00","2007-10-16 15:54:00","Minimal Perl for UNIX and Linux people","005.71262","acbk"
"2007-11-08 12:09:00","2006-12-16 12:29:00","Sams teach yourself Perl in 24 hours","005.133","acbk"
"2007-11-10 14:17:00","2007-08-23 15:12:00","Programming the Perl DBI","005.74","acbk"
"2007-11-13 10:30:00","2007-09-11 18:23:00","Sams teach yourself Perl in 21 days","005.133","acbk"
"2007-11-14 19:26:00","2007-10-03 19:45:00","Sams teach yourself Perl in 24 hours","005.133","acbk"
"2007-11-16 11:20:00","2007-10-19 15:32:00","Sams teach yourself Perl in 24 hours","005.133","acbk"
"2007-11-19 16:50:00","2007-10-14 13:14:00","Wicked cool Perl scripts useful Perl scripts that solve difficult problems","005.133","acbk"
"2007-11-20 13:52:00","2007-10-14 13:14:00","Wicked cool Perl scripts useful Perl scripts that solve difficult problems","005.133","acbk"
"2007-11-24 10:09:00","2007-10-27 10:56:00","Learning Perl objects references and modules","005.133","acbk"
"2007-11-24 10:10:00","2007-10-25 18:45:00","Writing Apache modules with Perl and C","005.71376","acbk"
"2007-11-24 11:00:00","2007-09-11 18:23:00","Sams teach yourself Perl in 21 days","005.133","acbk"
"2007-11-26 11:09:00","2007-09-11 18:23:00","Sams teach yourself Perl in 21 days","005.133","acbk"
"2007-11-28 16:29:00","2007-11-10 10:54:00","Sams teach yourself Perl in 24 hours","005.133","acbk"
"2007-12-06 15:24:00","2007-11-15 14:07:00","Minimal Perl for UNIX and Linux people","005.71262","acbk"
"2007-12-06 15:49:00","2007-11-20 14:10:00","Wicked cool Perl scripts useful Perl scripts that solve difficult problems","005.133","acbk"
"2007-12-06 15:51:00","2007-11-26 14:13:00","Sams teach yourself Perl in 21 days","005.133","acbk"
"2007-12-08 13:29:00","2007-11-15 14:07:00","Minimal Perl for UNIX and Linux people","005.71262","acbk"
"2007-12-09 13:51:00","2007-11-06 18:27:00","Learn Perl in a weekend","005.133","acbk"
"2007-12-09 15:32:00","2007-06-12 19:47:00","Advanced Perl programming","005.133","acbk"
"2007-12-10 17:30:00","2007-11-15 14:07:00","Minimal Perl for UNIX and Linux people","005.71262","acbk"
"2007-12-19 16:45:00","2007-11-19 17:39:00","Sams teach yourself Perl in 24 hours","005.133","acbk"
"2007-12-20 22:26:00","2007-11-19 17:39:00","Sams teach yourself Perl in 24 hours","005.133","acbk"
"2007-12-21 10:50:00","2007-11-19 17:39:00","Sams teach yourself Perl in 24 hours","005.133","acbk"
"2007-12-26 14:44:00","2007-11-02 14:09:00","Advanced Perl programming","005.133","acbk"
"2007-12-31 13:19:00","2007-10-25 15:39:00","Learning Perl Tk","005.133","acbk"
"2008-01-03 14:53:00","2007-11-06 18:27:00","Sams teach yourself Perl in 24 hours","005.133","acbk"
"2008-01-05 15:22:00","2008-01-05 15:16:00","Minimal Perl for UNIX and Linux people","005.71262","acbk"
"2008-01-08 12:24:00","2008-01-05 15:16:00","Minimal Perl for UNIX and Linux people","005.71262","acbk"
"2008-01-08 22:17:00","2007-11-10 10:54:00","Sams teach yourself Perl in 24 hours","005.133","acbk"
"2008-01-09 13:45:00","2007-12-27 17:28:00","Sams teach yourself Perl in 24 hours","005.133","acbk"
"2008-01-10 12:02:00","2007-11-10 10:54:00","Sams teach yourself Perl in 24 hours","005.133","acbk"
"2008-01-17 10:51:00","2007-12-10 15:33:00","Advanced Perl programming","005.133","acbk"
"2008-01-17 10:51:00","2007-12-10 15:33:00","Sams teach yourself Perl in 24 hours","005.133","acbk"
"2008-01-25 12:48:00","2008-01-05 15:16:00","Minimal Perl for UNIX and Linux people","005.71262","acbk"
"2008-01-27 19:33:00","2007-12-28 14:33:00","Embedding Perl in HTML with Mason","005.133","acbk"
"2008-01-27 19:34:00","2007-12-28 14:33:00","Learning Perl objects references and modules","005.133","acbk"
"2008-01-28 18:26:00","2008-01-04 17:21:00","Advanced Perl programming","005.133","acbk"
"2008-01-28 19:11:00","2008-01-11 14:56:00","Sams teach yourself Perl in 24 hours","005.133","acbk"
"2008-01-28 19:23:00","2008-01-08 17:41:00","CGI programming 101 programming Perl for the World Wide Web","005.2762","acbk"
"2008-01-31 12:13:00","2008-01-24 12:49:00","Advanced Perl programming","005.133","acbk"
"2008-02-04 10:00:00","2008-01-05 15:16:00","Minimal Perl for UNIX and Linux people","005.71262","acbk"
"2008-02-05 11:25:00","2008-01-05 15:16:00","Minimal Perl for UNIX and Linux people","005.71262","acbk"
"2008-02-07 14:15:00","2008-01-05 15:16:00","Minimal Perl for UNIX and Linux people","005.71262","acbk"
"2008-02-15 11:21:00","2008-01-05 17:20:00","Learning Perl Tk","005.133","acbk"
"2008-02-21 17:27:00","2008-01-25 14:26:00","Sams teach yourself Perl in 24 hours","005.133","acbk"
"2008-02-25 15:40:00","2007-12-27 17:28:00","Sams teach yourself Perl in 24 hours","005.133","acbk"
"2008-03-01 16:33:00","2008-02-09 12:27:00","Minimal Perl for UNIX and Linux people","005.71262","acbk"
"2008-03-03 00:00:00","2007-12-29 15:52:00","Writing Apache modules with Perl and C","005.71376","acbk"
"2008-03-03 13:12:00","2007-12-28 14:33:00","Embedding Perl in HTML with Mason","005.133","acbk"
"2008-03-03 17:06:00","2008-02-01 15:44:00","CGI programming 101 programming Perl for the World Wide Web","005.2762","acbk"
"2008-03-03 20:00:00","2008-02-10 13:00:00","Sams teach yourself Perl in 21 days","005.133","acbk"
"2008-03-04 16:38:00","2008-02-10 13:00:00","Sams teach yourself Perl in 21 days","005.133","acbk"
"2008-03-05 15:29:00","2008-02-09 12:27:00","Minimal Perl for UNIX and Linux people","005.71262","acbk"
"2008-03-06 10:31:00","2008-02-09 12:27:00","Minimal Perl for UNIX and Linux people","005.71262","acbk"
"2008-03-06 14:32:00","2008-01-07 14:12:00","Sams teach yourself Perl in 24 hours","005.133","acbk"
"2008-03-11 18:00:00","2008-02-20 19:17:00","Learning Perl Tk","005.133","acbk"
"2008-03-13 12:46:00","2008-02-20 19:17:00","Learning Perl Tk","005.133","acbk"
"2008-03-20 19:22:00","2008-03-10 18:22:00","Embedding Perl in HTML with Mason","005.133","acbk"
"2008-03-25 17:07:00","2008-03-10 18:22:00","Embedding Perl in HTML with Mason","005.133","acbk"
"2008-03-26 11:08:00","2008-01-25 14:26:00","Sams teach yourself Perl in 24 hours","005.133","acbk"
"2008-03-26 19:47:00","2007-10-27 10:56:00","Learning Perl objects references and modules","005.133","acbk"
"2008-03-27 13:10:00","2008-01-26 15:33:00","Sams teach yourself Perl in 24 hours","005.133","acbk"
"2008-03-28 14:07:00","2007-10-27 10:56:00","Learning Perl objects references and modules","005.133","acbk"
"2008-03-28 18:55:00","2008-03-06 17:36:00","Minimal Perl for UNIX and Linux people","005.71262","acbk"
"2008-04-03 16:14:00","2008-02-16 14:26:00","Wicked cool Perl scripts useful Perl scripts that solve difficult problems","005.133","acbk"
"2008-04-05 16:32:00","2008-02-16 14:26:00","Wicked cool Perl scripts useful Perl scripts that solve difficult problems","005.133","acbk"
"2008-04-05 19:18:00","2008-01-07 14:12:00","Sams teach yourself Perl in 24 hours","005.133","acbk"
"2008-04-17 11:39:00","2008-03-15 16:12:00","Learning Perl Tk","005.133","acbk"
"2008-04-19 17:39:00","2008-03-30 17:28:00","Sams teach yourself Perl in 24 hours","005.133","acbk"
"2008-04-21 17:24:00","2008-04-03 17:24:00","Advanced Perl programming","005.133","acbk"
"2008-04-24 13:18:00","2007-11-06 18:27:00","Learn Perl in a weekend","005.133","acbk"
"2008-04-24 15:58:00","2008-01-11 14:56:00","Sams teach yourself Perl in 24 hours","005.133","acbk"
"2008-04-30 12:19:00","2008-02-20 19:17:00","Advanced Perl programming","005.133","acbk"
"2008-05-02 14:01:00","2007-12-29 14:14:00","Learning Perl objects references and modules","005.133","acbk"
"2008-05-19 18:53:00","2008-04-02 18:20:00","Minimal Perl for UNIX and Linux people","005.71262","acbk"
"2008-05-22 11:40:00","2007-12-29 15:52:00","Writing Apache modules with Perl and C","005.71376","acbk"
"2008-06-09 11:44:00","2008-02-01 15:44:00","CGI programming 101 programming Perl for the World Wide Web","005.2762","acbk"
"2008-06-26 13:17:00","2008-04-24 15:52:00","Learning Perl objects references and modules","005.133","acbk"
"2008-07-02 12:57:00","2008-06-07 12:40:00","Wicked cool Perl scripts useful Perl scripts that solve difficult problems","005.133","acbk"
"2008-07-07 13:27:00","2008-04-24 17:50:00","Learn Perl in a weekend","005.133","acbk"
"2008-07-07 15:12:00","2008-04-10 16:36:00","Sams teach yourself Perl in 24 hours","005.133","acbk"
"2008-07-10 11:28:00","2008-07-09 10:19:00","Advanced Perl programming","005.133","acbk"
"2008-07-12 11:38:00","2008-05-10 16:52:00","Sams teach yourself Perl in 24 hours","005.133","acbk"
"2008-07-12 13:29:00","2008-05-08 18:57:00","Sams teach yourself Perl in 21 days","005.133","acbk"
"2008-07-13 13:13:00","2008-03-29 10:06:00","Sams teach yourself Perl in 24 hours","005.133","acbk"
"2008-07-14 12:55:00","2008-03-29 10:06:00","Sams teach yourself Perl in 24 hours","005.133","acbk"
"2008-07-15 13:50:00","2008-07-02 15:05:00","Learning Perl objects references and modules","005.133","acbk"
"2008-07-15 15:50:00","2008-06-14 14:26:00","Minimal Perl for UNIX and Linux people","005.71262","acbk"
"2008-07-15 19:47:00","2008-05-18 16:55:00","Advanced Perl programming","005.133","acbk"
"2008-07-16 19:07:00","2008-07-16 19:03:00","Sams teach yourself Perl in 21 days","005.133","acbk"
"2008-07-17 11:26:00","2008-06-14 14:26:00","Minimal Perl for UNIX and Linux people","005.71262","acbk"
"2008-07-17 13:26:00","2008-07-16 19:03:00","Sams teach yourself Perl in 21 days","005.133","acbk"
"2008-07-22 14:25:00","2007-10-25 18:45:00","Writing Apache modules with Perl and C","005.71376","acbk"
"2008-07-25 11:59:00","2008-07-15 19:45:00","Learn Perl in a weekend","005.133","acbk"
"2008-07-26 22:32:00","2008-07-15 19:45:00","Learn Perl in a weekend","005.133","acbk"
"2008-07-28 15:49:00","2008-05-07 15:03:00","Embedding Perl in HTML with Mason","005.133","acbk"
"2008-07-28 19:56:00","2008-06-05 17:52:00","Sams teach yourself Perl in 24 hours","005.133","acbk"
"2008-07-29 18:36:00","2008-06-28 13:00:00","Sams teach yourself Perl in 24 hours","005.133","acbk"
"2008-07-30 11:01:00","2008-06-28 13:00:00","Sams teach yourself Perl in 24 hours","005.133","acbk"
"2008-07-31 12:46:00","2008-06-19 14:11:00","Learning Perl Tk","005.133","acbk"
"2008-08-01 11:14:00","2008-06-05 17:52:00","Sams teach yourself Perl in 24 hours","005.133","acbk"
"2008-08-01 11:41:00","2008-06-19 14:11:00","Learning Perl Tk","005.133","acbk"
"2008-08-01 17:11:00","2008-08-01 16:13:00","Embedding Perl in HTML with Mason","005.133","acbk"
"2008-08-04 21:26:00","2008-07-16 19:03:00","Sams teach yourself Perl in 24 hours","005.133","acbk"
"2008-08-06 16:19:00","2008-06-18 18:34:00","CGI programming 101 programming Perl for the World Wide Web","005.2762","acbk"
"2008-08-07 12:39:00","2008-06-18 18:34:00","CGI programming 101 programming Perl for the World Wide Web","005.2762","acbk"
"2008-08-07 17:49:00","2008-07-18 14:30:00","CGI programming 101 programming Perl for the World Wide Web","005.2762","acbk"
"2008-08-09 13:17:00","2008-07-22 19:17:00","Writing Apache modules with Perl and C","005.71376","acbk"
"2008-08-11 13:49:00","2008-07-16 19:03:00","Sams teach yourself Perl in 24 hours","005.133","acbk"
"2008-08-18 18:09:00","2008-08-18 17:40:00","Sams teach yourself Perl in 24 hours","005.133","acbk"
"2008-08-19 15:52:00","2008-08-01 14:11:00","Sams teach yourself Perl in 24 hours","005.133","acbk"
"2008-08-19 19:14:00","2008-07-31 15:39:00","Learn Perl in a weekend","005.133","acbk"
"2008-08-23 17:30:00","2008-07-17 19:20:00","Sams teach yourself Perl in 21 days","005.133","acbk"
"2008-08-25 16:45:00","2008-07-17 19:20:00","Sams teach yourself Perl in 21 days","005.133","acbk"
"2008-08-27 18:46:00","2008-07-09 10:19:00","Advanced Perl programming","005.133","acbk"
"2008-08-29 11:09:00","2008-07-31 15:39:00","Learn Perl in a weekend","005.133","acbk"
"2008-08-29 13:44:00","2008-04-24 15:52:00","Learning Perl objects references and modules","005.133","acbk"
"2008-08-30 13:04:00","2008-06-07 12:40:00","Wicked cool Perl scripts useful Perl scripts that solve difficult problems","005.133","acbk"
"2008-09-02 12:46:00","2008-07-31 15:39:00","Learn Perl in a weekend","005.133","acbk"
"2008-09-04 17:35:00","2008-07-20 14:29:00","Minimal Perl for UNIX and Linux people","005.71262","acbk"
"2008-09-04 19:14:00","2008-09-03 13:06:00","Wicked cool Perl scripts useful Perl scripts that solve difficult problems","005.133","acbk"
"2008-09-05 16:02:00","2008-07-11 15:22:00","Sams teach yourself Perl in 24 hours","005.133","acbk"
"2008-09-05 16:16:00","2008-08-01 14:11:00","Sams teach yourself Perl in 24 hours","005.133","acbk"
"2008-09-07 12:15:00","2008-08-01 14:11:00","Sams teach yourself Perl in 24 hours","005.133","acbk"
"2008-09-08 19:51:00","2008-08-06 19:42:00","Learning Perl Tk","005.133","acbk"
"2008-09-18 15:03:00","2008-08-29 14:19:00","Advanced Perl programming","005.133","acbk"
"2008-09-22 15:49:00","2008-07-17 19:21:00","Sams teach yourself Perl in 24 hours","005.133","acbk"
"2008-09-27 12:59:00","2008-09-13 18:00:00","CGI programming 101 programming Perl for the World Wide Web","005.2762","acbk"
"2008-09-27 17:30:00","2008-09-06 12:28:00","Advanced Perl programming","005.133","acbk"
"2008-09-27 17:59:00","2008-09-16 18:36:00","Embedding Perl in HTML with Mason","005.133","acbk"
"2008-10-03 21:32:00","2008-09-13 18:00:00","CGI programming 101 programming Perl for the World Wide Web","005.2762","acbk"
"2008-10-04 16:21:00","2008-09-13 15:44:00","Sams teach yourself Perl in 24 hours","005.133","acbk"
"2008-10-05 13:50:00","2008-09-03 13:06:00","Learn Perl in a weekend","005.133","acbk"
"2008-10-06 10:37:00","2008-09-13 18:00:00","CGI programming 101 programming Perl for the World Wide Web","005.2762","acbk"
"2008-10-10 15:18:00","2008-08-27 13:34:00","Sams teach yourself Perl in 21 days","005.133","acbk"
"2008-10-11 16:57:00","2008-09-09 18:56:00","Minimal Perl for UNIX and Linux people","005.71262","acbk"
"2008-10-11 17:02:00","2008-09-09 18:56:00","Minimal Perl for UNIX and Linux people","005.71262","acbk"
"2008-10-14 18:45:00","2008-09-16 18:51:00","Wicked cool Perl scripts useful Perl scripts that solve difficult problems","005.133","acbk"
"2008-10-25 21:12:00","2008-09-09 18:56:00","Minimal Perl for UNIX and Linux people","005.71262","acbk"
"2008-10-27 12:00:00","2008-09-09 18:56:00","Minimal Perl for UNIX and Linux people","005.71262","acbk"
"2008-11-08 14:35:00","2008-10-25 13:22:00","Advanced Perl programming","005.133","acbk"
"2008-11-10 16:34:00","2008-09-09 18:56:00","Minimal Perl for UNIX and Linux people","005.71262","acbk"
"2008-11-26 14:55:00","2008-09-23 15:17:00","Sams teach yourself Perl in 24 hours","005.133","acbk"
"2008-11-28 13:56:00","2008-11-08 13:02:00","Wicked cool Perl scripts useful Perl scripts that solve difficult problems","005.133","acbk"
"2008-12-06 13:48:00","2008-11-28 11:32:00","Minimal Perl for UNIX and Linux people","005.71262","acbk"
"2008-12-09 15:39:00","2008-10-08 13:16:00","CGI programming 101 programming Perl for the World Wide Web","005.2762","acbk"
"2008-12-09 19:37:00","2008-11-20 19:11:00","Advanced Perl programming","005.133","acbk"
"2008-12-22 11:26:00","2008-11-25 12:46:00","Sams teach yourself Perl in 24 hours","005.133","acbk"
"2008-12-27 14:29:00","2008-11-01 17:37:00","Learning Perl objects references and modules","005.133","acbk"
"2008-12-27 15:25:00","2008-10-25 15:17:00","Sams teach yourself Perl in 24 hours","005.133","acbk"
"2009-01-03 10:05:00","2008-12-08 14:37:00","Sams teach yourself Perl in 24 hours","005.133","acbk"
"2009-01-15 19:20:00","2008-12-12 16:44:00","Minimal Perl for UNIX and Linux people","005.71262","acbk"
"2009-01-21 15:40:00","2008-12-31 15:46:00","Learning Perl objects references and modules","005.133","acbk"
"2009-01-28 10:44:00","2008-12-26 17:15:00","Sams teach yourself Perl in 24 hours","005.133","acbk"
"2009-01-30 18:56:00","2008-09-03 13:06:00","Learn Perl in a weekend","005.133","acbk"
"2009-02-02 14:45:00","2008-09-03 13:06:00","Learn Perl in a weekend","005.133","acbk"
"2009-02-06 13:11:00","2008-12-12 16:44:00","Sams teach yourself Perl in 21 days","005.133","acbk"
"2009-02-09 17:04:00","2008-12-29 17:39:00","Wicked cool Perl scripts useful Perl scripts that solve difficult problems","005.133","acbk"
"2009-02-09 18:41:00","2008-12-12 16:44:00","Sams teach yourself Perl in 21 days","005.133","acbk"
"2009-02-10 11:28:00","2008-12-29 17:39:00","Wicked cool Perl scripts useful Perl scripts that solve difficult problems","005.133","acbk"
"2009-02-10 12:20:00","2008-12-12 16:44:00","Sams teach yourself Perl in 21 days","005.133","acbk"
"2009-02-23 10:30:00","2009-02-10 16:28:00","Wicked cool Perl scripts useful Perl scripts that solve difficult problems","005.133","acbk"
"2009-02-23 15:04:00","2008-12-02 15:00:00","CGI programming 101 programming Perl for the World Wide Web","005.2762","acbk"
"2009-02-23 18:30:00","2008-08-29 16:34:00","Advanced Perl programming","005.133","acbk"
"2009-02-24 17:55:00","2009-02-10 16:28:00","Wicked cool Perl scripts useful Perl scripts that solve difficult problems","005.133","acbk"
"2009-02-26 19:24:00","2009-02-04 18:50:00","Sams teach yourself Perl in 24 hours","005.133","acbk"
"2009-02-26 19:28:00","2009-02-04 18:50:00","Learn Perl in a weekend","005.133","acbk"
"2009-03-03 12:08:00","2009-01-23 10:06:00","Minimal Perl for UNIX and Linux people","005.71262","acbk"
"2009-03-04 12:37:00","2009-01-23 10:06:00","Minimal Perl for UNIX and Linux people","005.71262","acbk"
"2009-03-10 13:25:00","2009-02-11 10:10:00","Sams teach yourself Perl in 21 days","005.133","acbk"
"2009-03-12 13:09:00","2009-02-04 18:50:00","Sams teach yourself Perl in 24 hours","005.133","acbk"
"2009-03-16 18:13:00","2009-01-12 13:51:00","CGI programming 101 programming Perl for the World Wide Web","005.2762","acbk"
"2009-03-28 13:04:00","2008-09-13 15:44:00","Sams teach yourself Perl in 24 hours","005.133","acbk"
"2009-04-03 10:24:00","2009-03-13 17:51:00","Learning Perl objects references and modules","005.133","acbk"
"2009-04-03 17:45:00","2009-03-12 19:39:00","Minimal Perl for UNIX and Linux people","005.71262","acbk"
"2009-04-08 21:18:00","2009-03-12 19:39:00","Minimal Perl for UNIX and Linux people","005.71262","acbk"
"2009-04-12 13:44:00","2009-01-31 16:41:00","Learning Perl objects references and modules","005.133","acbk"
"2009-04-13 16:20:00","2009-01-31 16:41:00","Learning Perl objects references and modules","005.133","acbk"
"2009-04-23 11:23:00","2009-03-17 16:51:00","Sams teach yourself Perl in 21 days","005.133","acbk"
"2009-04-24 12:28:00","2009-01-14 12:42:00","Learning Perl Tk","005.133","acbk"
"2009-04-24 12:33:00","2008-02-25 16:44:00","Programming the Perl DBI","005.74","acbk"
"2009-04-27 15:06:00","2009-04-08 18:27:00","Advanced Perl programming","005.133","acbk"
"2009-05-01 15:04:00","2009-03-04 16:32:00","Advanced Perl programming","005.133","acbk"
"2009-05-01 15:05:00","2009-03-04 16:32:00","Wicked cool Perl scripts useful Perl scripts that solve difficult problems","005.133","acbk"
"2009-05-08 17:34:00","2009-04-23 14:40:00","Learn Perl in a weekend","005.133","acbk"
"2009-05-11 19:07:00","2009-04-06 18:03:00","Sams teach yourself Perl in 24 hours","005.133","acbk"
"2009-05-11 19:07:00","2009-04-14 17:14:00","Learning Perl objects references and modules","005.133","acbk"
"2009-05-15 10:34:00","2008-10-25 15:17:00","Sams teach yourself Perl in 24 hours","005.133","acbk"
"2009-05-16 12:45:00","2008-10-25 15:17:00","Sams teach yourself Perl in 24 hours","005.133","acbk"
"2009-05-20 12:50:00","2009-01-31 16:41:00","Sams teach yourself Perl in 24 hours","005.133","acbk"
"2009-05-22 15:04:00","2009-05-18 14:54:00","Sams teach yourself Perl in 24 hours","005.133","acbk"
"2009-05-23 16:03:00","2009-04-13 14:00:00","Learning Perl objects references and modules","005.133","acbk"
"2009-05-26 18:38:00","2009-03-06 17:01:00","CGI programming 101 programming Perl for the World Wide Web","005.2762","acbk"
"2009-05-30 15:22:00","2009-04-13 14:00:00","Minimal Perl for UNIX and Linux people","005.71262","acbk"
"2009-06-01 15:06:00","2009-04-06 18:03:00","Sams teach yourself Perl in 24 hours","005.133","acbk"
"2009-06-06 14:13:00","2009-04-02 19:46:00","CGI programming 101 programming Perl for the World Wide Web","005.2762","acbk"
"2009-06-20 14:55:00","2009-04-13 14:00:00","Minimal Perl for UNIX and Linux people","005.71262","acbk"
"2009-06-23 15:58:00","2009-05-29 10:56:00","Embedding Perl in HTML with Mason","005.133","acbk"
"2009-06-23 16:12:00","2009-04-13 14:00:00","Minimal Perl for UNIX and Linux people","005.71262","acbk"
"2009-06-23 18:16:00","2009-03-04 16:32:00","Wicked cool Perl scripts useful Perl scripts that solve difficult problems","005.133","acbk"
"2009-07-03 18:38:00","2009-05-22 18:03:00","Sams teach yourself Perl in 24 hours","005.133","acbk"
"2009-07-05 12:45:00","2009-05-22 18:03:00","Sams teach yourself Perl in 24 hours","005.133","acbk"
"2009-07-25 15:43:00","2009-06-29 16:07:00","Wicked cool Perl scripts useful Perl scripts that solve difficult problems","005.133","acbk"
"2009-07-29 16:46:00","2009-03-22 13:22:00","Sams teach yourself Perl in 24 hours","005.133","acbk"
"2009-08-04 12:27:00","2009-06-29 16:07:00","Minimal Perl for UNIX and Linux people","005.71262","acbk"
"2009-08-06 13:49:00","2009-06-22 13:52:00","Advanced Perl programming","005.133","acbk"
"2009-08-17 12:36:00","2009-06-29 16:07:00","Wicked cool Perl scripts useful Perl scripts that solve difficult problems","005.133","acbk"
"2009-08-17 15:03:00","2009-07-10 14:52:00","Sams teach yourself Perl in 24 hours","005.133","acbk"
"2009-08-22 12:33:00","2009-08-08 16:01:00","Minimal Perl for UNIX and Linux people","005.71262","acbk"
"2009-09-11 13:02:00","2009-07-29 16:47:00","Sams teach yourself Perl in 24 hours","005.133","acbk"
"2009-09-15 16:39:00","2009-08-19 12:32:00","Wicked cool Perl scripts useful Perl scripts that solve difficult problems","005.133","acbk"
"2009-09-16 16:36:00","2009-08-20 11:15:00","Advanced Perl programming","005.133","acbk"
"2009-09-20 15:10:00","2009-08-09 13:44:00","Advanced Perl programming","005.133","acbk"
"2009-09-22 15:18:00","2009-08-05 17:02:00","Learn Perl in a weekend","005.133","acbk"
"2009-09-26 09:48:00","2009-03-04 16:32:00","Advanced Perl programming","005.133","acbk"
"2009-09-27 18:27:00","2009-08-19 12:32:00","Wicked cool Perl scripts useful Perl scripts that solve difficult problems","005.133","acbk"
"2009-09-28 11:04:00","2009-08-19 12:32:00","Wicked cool Perl scripts useful Perl scripts that solve difficult problems","005.133","acbk"
"2009-10-01 13:01:00","2009-08-13 11:26:00","Sams teach yourself Perl in 24 hours","005.133","acbk"
"2009-10-02 17:44:00","2009-08-28 17:23:00","Sams teach yourself Perl in 24 hours","005.133","acbk"
"2009-10-03 13:15:00","2009-08-13 11:26:00","Sams teach yourself Perl in 24 hours","005.133","acbk"
"2009-10-05 12:44:00","2009-08-13 11:26:00","Sams teach yourself Perl in 24 hours","005.133","acbk"
"2009-10-15 11:17:00","2009-09-11 16:33:00","Sams teach yourself Perl in 24 hours","005.133","acbk"
"2009-10-15 11:19:00","2009-09-18 17:47:00","Advanced Perl programming","005.133","acbk"
"2009-10-15 18:09:00","2009-10-01 19:35:00","Wicked cool Perl scripts useful Perl scripts that solve difficult problems","005.133","acbk"
"2009-10-15 18:19:00","2009-09-26 15:23:00","Advanced Perl programming","005.133","acbk"
"2009-10-19 16:06:00","2009-10-08 14:53:00","Sams teach yourself Perl in 24 hours","005.133","acbk"
"2009-11-02 13:58:00","2009-08-08 16:01:00","Minimal Perl for UNIX and Linux people","005.71262","acbk"
"2009-11-05 16:10:00","2009-08-05 17:02:00","Learn Perl in a weekend","005.133","acbk"
"2009-11-06 10:30:00","2009-08-05 17:02:00","Learn Perl in a weekend","005.133","acbk"
"2009-11-06 11:58:00","2009-10-22 15:35:00","Wicked cool Perl scripts useful Perl scripts that solve difficult problems","005.133","acbk"
"2009-11-07 23:06:00","2009-10-22 15:35:00","Wicked cool Perl scripts useful Perl scripts that solve difficult problems","005.133","acbk"
"2009-11-09 13:48:00","2009-10-22 15:35:00","Wicked cool Perl scripts useful Perl scripts that solve difficult problems","005.133","acbk"
"2009-12-14 17:34:00","2009-04-13 14:00:00","Learning Perl objects references and modules","005.133","acbk"
"2009-12-19 15:29:00","2009-10-24 16:34:00","Sams teach yourself Perl in 24 hours","005.133","acbk"
"2009-12-19 18:16:00","2009-10-08 14:53:00","Sams teach yourself Perl in 24 hours","005.133","acbk"
"2009-12-27 15:03:00","2009-11-15 15:59:00","Learn Perl in a weekend","005.133","acbk"
"2009-12-27 15:03:00","2009-11-15 15:59:00","Wicked cool Perl scripts useful Perl scripts that solve difficult problems","005.133","acbk"
"2009-12-30 00:00:00","2009-10-26 16:48:00","Sams teach yourself Perl in 24 hours","005.133","acbk"
"2009-12-31 16:41:00","2009-11-07 17:05:00","Minimal Perl for UNIX and Linux people","005.71262","acbk"
"2010-01-08 15:40:00","2009-11-07 17:05:00","Minimal Perl for UNIX and Linux people","005.71262","acbk"
"2010-01-16 11:48:00","2010-01-13 14:59:00","Minimal Perl for UNIX and Linux people","005.71262","acbk"
"2010-01-16 15:05:00","2009-12-05 17:13:00","Advanced Perl programming","005.133","acbk"
"2010-01-16 16:43:00","2009-12-29 13:23:00","CGI programming 101 programming Perl for the World Wide Web","005.2762","acbk"
"2010-01-19 17:22:00","2009-11-15 15:59:00","Learn Perl in a weekend","005.133","acbk"
"2010-02-01 15:20:00","2009-12-17 16:40:00","Learning Perl objects references and modules","005.133","acbk"
"2010-02-01 19:36:00","2009-12-29 13:23:00","CGI programming 101 programming Perl for the World Wide Web","005.2762","acbk"
"2010-02-12 13:46:00","2010-02-05 12:39:00","Wicked cool Perl scripts useful Perl scripts that solve difficult problems","005.133","acbk"
"2010-02-14 15:03:00","2010-02-06 15:51:00","CGI programming 101 programming Perl for the World Wide Web","005.2762","acbk"
"2010-02-22 18:25:00","2009-12-26 16:31:00","Sams teach yourself Perl in 24 hours","005.133","acbk"
"2010-03-04 16:13:00","2010-02-28 16:43:00","Wicked cool Perl scripts useful Perl scripts that solve difficult problems","005.133","acbk"
"2010-03-10 19:40:00","2010-01-28 10:12:00","Learn Perl in a weekend","005.133","acbk"
"2010-03-14 12:02:00","2010-02-28 16:43:00","Wicked cool Perl scripts useful Perl scripts that solve difficult problems","005.133","acbk"
"2010-03-16 13:41:00","2010-02-28 16:43:00","Wicked cool Perl scripts useful Perl scripts that solve difficult problems","005.133","acbk"
"2010-03-25 13:38:00","2009-12-26 16:31:00","Sams teach yourself Perl in 24 hours","005.133","acbk"
"2010-03-29 11:34:00","2009-12-26 16:31:00","Sams teach yourself Perl in 24 hours","005.133","acbk"
"2010-03-31 12:55:00","2010-03-18 11:28:00","Sams teach yourself Perl in 24 hours","005.133","acbk"
"2010-04-01 10:41:00","2010-03-18 11:28:00","Sams teach yourself Perl in 24 hours","005.133","acbk"
"2010-04-05 15:21:00","2010-03-17 15:31:00","Wicked cool Perl scripts useful Perl scripts that solve difficult problems","005.133","acbk"
"2010-04-08 11:37:00","2010-03-17 15:31:00","Wicked cool Perl scripts useful Perl scripts that solve difficult problems","005.133","acbk"
"2010-04-17 14:49:00","2010-02-16 13:11:00","Advanced Perl programming","005.133","acbk"
"2010-04-18 14:58:00","2010-03-29 15:08:00","Sams teach yourself Perl in 24 hours","005.133","acbk"
"2010-04-20 14:30:00","2009-10-26 16:48:00","Sams teach yourself Perl in 24 hours","005.133","acbk"
"2010-04-21 11:58:00","2010-03-29 15:08:00","Sams teach yourself Perl in 24 hours","005.133","acbk"
"2010-05-06 00:00:00","2010-01-25 14:55:00","Advanced Perl programming","005.133","acbk"
"2010-05-06 13:12:00","2010-03-17 15:31:00","Wicked cool Perl scripts useful Perl scripts that solve difficult problems","005.133","acbk"
"2010-05-18 18:22:00","2010-05-04 12:31:00","CGI programming 101 programming Perl for the World Wide Web","005.2762","acbk"
"2010-05-22 17:05:00","2010-05-02 16:05:00","Minimal Perl for UNIX and Linux people","005.71262","acbk"
"2010-05-23 20:22:00","2010-05-02 16:05:00","Minimal Perl for UNIX and Linux people","005.71262","acbk"
"2010-05-25 12:56:00","2010-05-02 16:05:00","Minimal Perl for UNIX and Linux people","005.71262","acbk"
"2010-05-26 10:46:00","2010-03-12 16:00:00","Learning Perl objects references and modules","005.133","acbk"
"2010-05-27 17:39:00","2010-05-06 17:19:00","Wicked cool Perl scripts useful Perl scripts that solve difficult problems","005.133","acbk"
"2010-05-30 18:52:00","2010-02-16 13:11:00","Advanced Perl programming","005.133","acbk"
"2010-06-01 13:31:00","2010-02-16 13:11:00","Advanced Perl programming","005.133","acbk"
"2010-06-02 11:40:00","2009-12-05 17:13:00","Advanced Perl programming","005.133","acbk"
"2010-06-03 10:10:00","2009-12-05 17:13:00","Advanced Perl programming","005.133","acbk"
"2010-06-07 15:40:00","2010-05-02 16:05:00","Minimal Perl for UNIX and Linux people","005.71262","acbk"
"2010-06-21 15:11:00","2010-05-29 12:52:00","Wicked cool Perl scripts useful Perl scripts that solve difficult problems","005.133","acbk"
"2010-06-22 19:35:00","2010-05-29 12:52:00","Wicked cool Perl scripts useful Perl scripts that solve difficult problems","005.133","acbk"
"2010-07-01 10:46:00","2010-04-05 17:20:00","Sams teach yourself Perl in 24 hours","005.133","acbk"
"2010-07-03 11:22:00","2010-05-29 12:51:00","Learning Perl objects references and modules","005.133","acbk"
"2010-07-03 15:47:00","2010-06-03 17:27:00","Advanced Perl programming","005.133","acbk"
"2010-08-04 19:54:00","2010-06-23 17:28:00","Wicked cool Perl scripts useful Perl scripts that solve difficult problems","005.133","acbk"
"2010-08-09 19:43:00","2010-06-10 18:16:00","Minimal Perl for UNIX and Linux people","005.71262","acbk"
"2010-09-18 13:19:00","2010-07-20 13:55:00","Sams teach yourself Perl in 24 hours","005.133","acbk"
"2010-09-18 16:21:00","2010-08-12 11:10:00","Advanced Perl programming","005.133","acbk"
"2010-09-21 15:22:00","2010-08-09 12:39:00","Wicked cool Perl scripts useful Perl scripts that solve difficult problems","005.133","acbk"
"2010-09-22 10:44:00","2010-08-12 11:10:00","Advanced Perl programming","005.133","acbk"
"2010-09-22 17:43:00","2010-08-09 12:39:00","Wicked cool Perl scripts useful Perl scripts that solve difficult problems","005.133","acbk"
"2010-09-23 11:13:00","2010-08-09 12:39:00","Wicked cool Perl scripts useful Perl scripts that solve difficult problems","005.133","acbk"
"2010-09-28 11:48:00","2010-07-01 14:07:00","Sams teach yourself Perl in 24 hours","005.133","acbk"
"2010-09-28 17:41:00","2010-08-10 18:09:00","Minimal Perl for UNIX and Linux people","005.71262","acbk"
"2010-10-02 18:31:00","2010-07-20 13:55:00","Learning Perl objects references and modules","005.133","acbk"
"2010-10-04 12:33:00","2010-07-20 13:55:00","Learning Perl objects references and modules","005.133","acbk"
"2010-10-06 19:43:00","2010-07-06 19:08:00","Embedding Perl in HTML with Mason","005.133","acbk"
"2010-10-08 16:55:00","2010-09-29 18:47:00","Sams teach yourself Perl in 24 hours","005.133","acbk"
"2010-10-09 13:42:00","2010-09-18 15:12:00","Sams teach yourself Perl in 24 hours","005.133","acbk"
"2010-10-09 15:44:00","2010-08-10 18:09:00","Minimal Perl for UNIX and Linux people","005.71262","acbk"
"2010-10-10 15:22:00","2010-09-29 18:47:00","Sams teach yourself Perl in 24 hours","005.133","acbk"
"2010-10-22 14:02:00","2010-09-23 17:03:00","Advanced Perl programming","005.133","acbk"
"2010-10-22 15:11:00","2010-10-02 13:44:00","Wicked cool Perl scripts useful Perl scripts that solve difficult problems","005.133","acbk"
"2010-10-25 12:46:00","2010-10-02 13:44:00","Wicked cool Perl scripts useful Perl scripts that solve difficult problems","005.133","acbk"
"2010-10-27 19:20:00","2010-10-06 19:45:00","Embedding Perl in HTML with Mason","005.133","acbk"
"2010-11-15 17:48:00","2010-10-01 16:02:00","Learning Perl objects references and modules","005.133","acbk"
"2010-11-17 18:45:00","2010-10-16 10:35:00","Minimal Perl for UNIX and Linux people","005.71262","acbk"
"2010-12-05 13:51:00","2010-10-16 10:35:00","Minimal Perl for UNIX and Linux people","005.71262","acbk"
"2010-12-05 18:08:00","2010-10-02 13:44:00","Wicked cool Perl scripts useful Perl scripts that solve difficult problems","005.133","acbk"
"2010-12-06 12:24:00","2010-10-16 10:35:00","Minimal Perl for UNIX and Linux people","005.71262","acbk"
"2010-12-06 12:42:00","2010-10-01 16:02:00","Learning Perl objects references and modules","005.133","acbk"
"2010-12-07 13:20:00","2010-10-02 13:44:00","Wicked cool Perl scripts useful Perl scripts that solve difficult problems","005.133","acbk"
"2010-12-14 15:27:00","2010-01-25 14:55:00","Advanced Perl programming","005.133","acbk"
"2010-12-17 16:34:00","2010-10-31 12:37:00","Sams teach yourself Perl in 24 hours","005.133","acbk"
"2010-12-23 16:59:00","2010-12-06 16:06:00","Minimal Perl for UNIX and Linux people","005.71262","acbk"
"2010-12-26 14:41:00","2010-12-06 16:06:00","Minimal Perl for UNIX and Linux people","005.71262","acbk"
"2010-12-27 16:20:00","2010-11-06 10:53:00","Advanced Perl programming","005.133","acbk"
"2011-01-18 14:39:00","2010-12-07 15:34:00","Wicked cool Perl scripts useful Perl scripts that solve difficult problems","005.133","acbk"
"2011-01-20 14:01:00","2010-12-07 15:34:00","Wicked cool Perl scripts useful Perl scripts that solve difficult problems","005.133","acbk"
"2011-01-21 11:07:00","2010-12-07 15:34:00","Wicked cool Perl scripts useful Perl scripts that solve difficult problems","005.133","acbk"
"2011-02-10 17:22:00","2011-02-05 14:00:00","Advanced Perl programming","005.133","acbk"
"2011-02-18 19:09:00","2010-01-28 10:12:00","Learn Perl in a weekend","005.133","acbk"
"2011-02-19 11:03:00","2010-01-28 10:12:00","Learn Perl in a weekend","005.133","acbk"
"2011-02-22 21:27:00","2011-01-24 13:51:00","Wicked cool Perl scripts useful Perl scripts that solve difficult problems","005.133","acbk"
"2011-02-24 18:15:00","2010-12-23 11:37:00","Sams teach yourself Perl in 24 hours","005.133","acbk"
"2011-03-19 16:17:00","2011-01-23 16:27:00","Minimal Perl for UNIX and Linux people","005.71262","acbk"
"2011-03-21 16:17:00","2010-07-20 13:55:00","Learning Perl objects references and modules","005.133","acbk"
"2011-03-22 18:15:00","2011-03-02 17:21:00","Wicked cool Perl scripts useful Perl scripts that solve difficult problems","005.133","acbk"
"2011-03-23 10:08:00","2011-01-23 16:27:00","Minimal Perl for UNIX and Linux people","005.71262","acbk"
"2011-03-24 10:47:00","2011-03-02 17:21:00","Wicked cool Perl scripts useful Perl scripts that solve difficult problems","005.133","acbk"
"2011-03-26 11:43:00","2011-01-31 19:55:00","Sams teach yourself Perl in 24 hours","005.133","acbk"
"2011-04-01 21:17:00","2011-01-31 19:55:00","Sams teach yourself Perl in 24 hours","005.133","acbk"
"2011-04-08 15:46:00","2011-02-23 16:51:00","Learn Perl in a weekend","005.133","acbk"
"2011-04-09 13:49:00","2011-02-27 17:45:00","Sams teach yourself Perl in 24 hours","005.133","acbk"
"2011-04-19 09:56:00","2011-04-02 17:15:00","Wicked cool Perl scripts useful Perl scripts that solve difficult problems","005.133","acbk"
"2011-04-19 09:58:00","2011-03-08 19:23:00","Learning Perl objects references and modules","005.133","acbk"
"2011-04-19 17:36:00","2011-03-08 18:58:00","CGI programming 101 programming Perl for the World Wide Web","005.2762","acbk"
"2011-05-03 17:44:00","2011-04-29 13:53:00","Wicked cool Perl scripts useful Perl scripts that solve difficult problems","005.133","acbk"
"2011-05-06 21:30:00","2011-02-23 16:51:00","Learn Perl in a weekend","005.133","acbk"
"2011-05-08 09:42:00","2011-02-23 16:51:00","Learn Perl in a weekend","005.133","acbk"
"2011-05-13 17:20:00","2011-04-29 13:53:00","Wicked cool Perl scripts useful Perl scripts that solve difficult problems","005.133","acbk"
"2011-05-19 11:57:00","2011-04-06 12:19:00","Sams teach yourself Perl in 24 hours","005.133","acbk"
"2011-05-28 13:25:00","2011-05-11 18:34:00","Learn Perl in a weekend","005.133","acbk"
"2011-05-31 11:21:00","2011-05-14 11:06:00","Wicked cool Perl scripts useful Perl scripts that solve difficult problems","005.133","acbk"
"2011-06-01 12:26:00","2011-05-14 11:06:00","Wicked cool Perl scripts useful Perl scripts that solve difficult problems","005.133","acbk"
"2011-06-01 19:31:00","2011-05-07 12:41:00","Minimal Perl for UNIX and Linux people","005.71262","acbk"
"2011-06-02 12:37:00","2011-05-07 12:41:00","Minimal Perl for UNIX and Linux people","005.71262","acbk"
"2011-06-07 13:26:00","2011-05-21 10:35:00","Learning Perl objects references and modules","005.133","acbk"
"2011-06-10 15:33:00","2011-04-28 16:30:00","Advanced Perl programming","005.133","acbk"
"2011-06-29 13:08:00","2011-04-27 15:52:00","Sams teach yourself Perl in 24 hours","005.133","acbk"
"2011-06-30 11:49:00","2011-05-11 17:24:00","Learning Perl objects references and modules","005.133","acbk"
"2011-07-01 15:19:00","2011-06-03 16:09:00","Wicked cool Perl scripts useful Perl scripts that solve difficult problems","005.133","acbk"
"2011-07-25 16:20:00","2011-06-14 12:41:00","Sams teach yourself Perl in 24 hours","005.133","acbk"
"2011-08-07 15:43:00","2011-06-14 12:41:00","Sams teach yourself Perl in 24 hours","005.133","acbk"
"2011-08-08 10:49:00","2011-06-14 12:41:00","Sams teach yourself Perl in 24 hours","005.133","acbk"
"2011-08-16 16:44:00","2011-08-05 16:20:00","Minimal Perl for UNIX and Linux people","005.71262","acbk"
"2011-09-06 19:28:00","2011-07-23 14:38:00","Sams teach yourself Perl in 24 hours","005.133","acbk"
"2011-09-24 12:56:00","2011-08-16 16:10:00","Sams teach yourself Perl in 24 hours","005.133","acbk"
"2011-10-05 18:08:00","2011-09-14 18:22:00","Sams teach yourself Perl in 24 hours","005.133","acbk"
"2011-10-11 17:13:00","2011-10-01 16:30:00","Learning Perl objects references and modules","005.133","acbk"
"2011-10-21 16:59:00","2011-09-27 19:43:00","Minimal Perl for UNIX and Linux people","005.71262","acbk"
"2011-10-21 16:59:00","2011-09-27 19:42:00","Wicked cool Perl scripts useful Perl scripts that solve difficult problems","005.133","acbk"
"2011-10-22 16:09:00","2011-10-15 15:31:00","Learning Perl objects references and modules","005.133","acbk"
"2011-10-24 17:28:00","2011-10-03 12:47:00","Advanced Perl programming","005.133","acbk"
"2011-11-01 18:38:00","2011-10-10 18:23:00","Learning Perl objects references and modules","005.133","acbk"
"2011-11-07 11:45:00","2011-10-15 17:46:00","Advanced Perl programming","005.133","acbk"
"2011-12-03 13:39:00","2011-09-27 19:42:00","Sams teach yourself Perl in 24 hours","005.133","acbk"
"2011-12-10 13:00:00","2011-10-08 17:17:00","Sams teach yourself Perl in 24 hours","005.133","acbk"
"2011-12-30 15:55:00","2011-10-30 16:36:00","Wicked cool Perl scripts useful Perl scripts that solve difficult problems","005.133","acbk"
"2012-02-03 13:16:00","2012-01-09 17:35:00","Sams teach yourself Perl in 24 hours","005.133","acbk"
"2012-02-11 11:26:00","2011-12-10 12:49:00","Sams teach yourself Perl in 24 hours","005.133","acbk"
"2012-02-14 14:46:00","2012-01-27 17:01:00","Minimal Perl for UNIX and Linux people","005.71262","acbk"
"2012-03-12 14:26:00","2012-02-24 15:34:00","CGI programming 101 programming Perl for the World Wide Web","005.2762","acbk"
"2012-03-19 18:04:00","2012-02-25 15:04:00","Minimal Perl for UNIX and Linux people","005.71262","acbk"
"2012-04-10 14:36:00","2012-03-26 14:21:00","Sams teach yourself Perl in 24 hours","005.133","acbk"
"2012-05-09 16:27:00","2012-02-10 17:00:00","Sams teach yourself Perl in 24 hours","005.133","acbk"
"2012-06-16 11:16:00","2012-04-14 16:59:00","Sams teach yourself Perl in 24 hours","005.133","acbk"
"2012-06-27 15:57:00","2012-06-09 12:08:00","Advanced Perl programming","005.133","acbk"
"2012-08-09 14:20:00","2012-05-31 13:10:00","Learning Perl objects references and modules","005.133","acbk"
"2012-08-18 17:23:00","2012-06-16 14:49:00","Sams teach yourself Perl in 24 hours","005.133","acbk"
"2012-11-10 12:51:00","2012-08-18 17:53:00","Sams teach yourself Perl in 24 hours","005.133","acbk"
"2012-12-07 17:29:00","2012-11-16 16:05:00","Wicked cool Perl scripts useful Perl scripts that solve difficult problems","005.133","acbk"
"2013-02-06 18:42:00","2012-12-05 19:35:00","Sams teach yourself Perl in 24 hours","005.133","acbk"
"2013-02-06 18:42:00","2012-12-11 18:04:00","Wicked cool Perl scripts useful Perl scripts that solve difficult problems","005.133","acbk"
"2013-03-01 17:27:00","2013-02-11 18:59:00","Wicked cool Perl scripts useful Perl scripts that solve difficult problems","005.133","acbk"
"2013-03-31 16:40:00","2013-03-03 13:26:00","Wicked cool Perl scripts useful Perl scripts that solve difficult problems","005.133","acbk"
"2013-06-12 17:44:00","2013-05-20 18:01:00","Wicked cool Perl scripts useful Perl scripts that solve difficult problems","005.133","acbk"
"2013-08-16 12:59:00","2013-07-29 17:20:00","Sams teach yourself Perl in 24 hours","005.133","acbk"
"2013-09-21 12:27:00","2013-09-11 18:09:00","Advanced Perl programming","005.133","acbk"
